https://www.amazon.com/gp/slredirect/picassoRedirect.html/ref=pa_sp_atf_computers_sr_pg1_1?ie=UTF8&adId=A092816632XVWDGF7ODB4&url=%2FGaming-GeForce-Graphics-DisplayPort-Bearings%2Fdp%2FB08Y9B8L43%2Fref%3Dsr_1_1_sspa%3F_encoding%3DUTF8%26c%3Dts%26dchild%3D1%26keywords%3DComputer%2BGraphics%2BCards%26qid%3D1616425105%26s%3Dpc%26sr%3D1-1-spons%26ts_id%3D284822%26psc%3D1&qualifier=1616425105&id=1157197568648007&widgetName=sp_atf,ASUS TUF Gaming NVIDIA GeForce RTX 3070 OC Edition Graphics Card PCIe 4.0 8GB GDDR6 HDMI 2.1  DisplayPort 1.4a Dual Ball Fan Bearings GPU Tweak II w/ Mytrix HDMI Cable,1849.99,https://images-na.ssl-images-amazon.com/images/I/71LRR2LFb3L._AC_SX569_.jpg,
https://www.amazon.com/Graphics-256-Bit-Express-Thermal-DisplayPort/dp/B08WJJ2FY3/ref=sr_1_3?_encoding=UTF8&c=ts&dchild=1&keywords=Computer+Graphics+Cards&qid=1616425105&s=pc&sr=1-3&ts_id=284822,MSI Radeon RX 5700 XT MECH OC Graphics Card 8GB 256-Bit GDDR6 PCI Express 4.0 TORX Fan 3.0 Thermal Padding 1 x HDMI 2.0b 3 x DisplayPort 1.4 w/ Mytrix HDMI Cable,1399.99,https://images-na.ssl-images-amazon.com/images/I/61tLOT0WK0L._AC_SX679_.jpg,
https://www.amazon.com/MSI-GeForce-128-bit-DirectX-2GD3V3/dp/B015DROZM8/ref=sr_1_4?_encoding=UTF8&c=ts&dchild=1&keywords=Computer+Graphics+Cards&qid=1616425105&s=pc&sr=1-4&ts_id=284822,MSI GeForce GT 730 Fermi DDR3 128-bit 2GB DirectX 12 (N730 2GD3V3),51.99,https://images-na.ssl-images-amazon.com/images/I/81TUmgw0IuL._AC_SX679_.jpg,
https://www.amazon.com/M4000-256-bit-Express-Certified-Refurbished/dp/B07P163DGH/ref=sr_1_5?_encoding=UTF8&c=ts&dchild=1&keywords=Computer+Graphics+Cards&qid=1616425105&s=pc&sr=1-5&ts_id=284822,Nvidia Quadro M4000 8GB GDDR5 256-bit PCI Express 3.0 x16 Full Height Video Card (Renewed),359.21,https://images-na.ssl-images-amazon.com/images/I/410XjUYNEuL._AC_SX450_.jpg,
https://www.amazon.com/ASUS-DisplayPort-Connector-Resistance-Space-Grade/dp/B08G5CQMJ3/ref=sr_1_6?_encoding=UTF8&c=ts&dchild=1&keywords=Computer+Graphics+Cards&qid=1616425105&s=pc&sr=1-6&ts_id=284822,ASUS TUF Gaming NVIDIA GeForce GTX 1650 OC Edition Graphics Card (PCIe 3.0 4GB GDDR6 Memory HDMI DisplayPort DVI-D 1x 6-pin Power Connector IP5X Dust Resistance Space-Grade Lubricant),479.99,https://images-na.ssl-images-amazon.com/images/I/81YOpThfvuL._AC_SX466_.jpg,
https://www.amazon.com/MSI-GeForce-GTX-1050-TI/dp/B01MA62JSZ/ref=sr_1_7?_encoding=UTF8&c=ts&dchild=1&keywords=Computer+Graphics+Cards&qid=1616425105&s=pc&sr=1-7&ts_id=284822,MSI Computer Video Graphic Cards GeForce GTX 1050 TI GAMING X 4G 4GB,499.0,https://images-na.ssl-images-amazon.com/images/I/81VBPk5pnLL._AC_SX450_.jpg,
https://www.amazon.com/HP-NVIDIA-Graphics-1ME40AA-Renewed/dp/B084WX2ZYG/ref=sr_1_9?_encoding=UTF8&c=ts&dchild=1&keywords=Computer+Graphics+Cards&qid=1616425105&s=pc&sr=1-9&ts_id=284822,HP NVIDIA Quadro P4000 (8GB) Graphics Card (1ME40AA) (Renewed),699.99,https://images-na.ssl-images-amazon.com/images/I/41QludhayiL._AC_SY450_.jpg,
https://www.amazon.com/gp/slredirect/picassoRedirect.html/ref=pa_sp_mtf_computers_sr_pg1_1?ie=UTF8&adId=A05118482N17WTZK9J16Y&url=%2FBeelink-i5-5257U-Windows-Expandable-Computer%2Fdp%2FB08Q3Q717Z%2Fref%3Dsr_1_10_sspa%3F_encoding%3DUTF8%26c%3Dts%26dchild%3D1%26keywords%3DComputer%2BGraphics%2BCards%26qid%3D1616425105%26s%3Dpc%26sr%3D1-10-spons%26ts_id%3D284822%26psc%3D1&qualifier=1616425105&id=1157197568648007&widgetName=sp_mtf,Mini PC Beelink U57 Intel core i5-5257U up to 3.10 GHz (2C/4T 3M Cache) Windows 10 Pro8G RAM DDR3L/256GB SSD2.4G/5G WiFiSupport ExpandableDual HDMI 4K Mini Computer Office,359.0,https://images-na.ssl-images-amazon.com/images/I/61LdEps3iDL._AC_SX425_.jpg,
https://www.amazon.com/GeForce-Graphics-Support-DirectX-Computer/dp/B08Y1LWCH4/ref=sr_1_11?_encoding=UTF8&c=ts&dchild=1&keywords=Computer+Graphics+Cards&qid=1616425105&s=pc&sr=1-11&ts_id=284822,GeForce GTX 1060 3GB Graphics Card 192 Bit Video Graphics Cards Support DirectX 12 VR Ready OC Gaming Graphics Card with Dual Cooling Fans for Desktop PC Computer (GeForce GTX 1060 3GB),329.99,https://images-na.ssl-images-amazon.com/images/I/61VJraYkhhL._AC_SX569_.jpg,
https://www.amazon.com/dp/B08ZMJGP1Q/ref=sr_1_11?_encoding=UTF8&c=ts&keywords=Computer+Graphics+Cards&qid=1616425105&s=pc&sr=1-11&ts_id=284822,Riiai Graphics Card Geforce GTX1050TI 4G Game Graphics Cards Support PCIE 3.0 DVI+DP1.4+HDMI2.0 Video Graphics Cards for Desktop Computer E-Sports Live Game,389.99,https://images-na.ssl-images-amazon.com/images/I/61lbOQaH3mL._AC_SY355_.jpg,
https://www.amazon.com/XFX-1386MHz-Graphics-RX-580P8DFD6-Renewed/dp/B07Q25L8KY/ref=sr_1_13?_encoding=UTF8&c=ts&dchild=1&keywords=Computer+Graphics+Cards&qid=1616425105&s=pc&sr=1-13&ts_id=284822,XFX Radeon RX 580 GTS XXX Edition 1386MHz OC+ 8GB GDDR5 VR Ready Dual BIOS 3xDP HDMI DVI AMD Graphics Card (RX-580P8DFD6) (Renewed),649.99,https://images-na.ssl-images-amazon.com/images/I/71awOa3ZV1L._AC_SX425_.jpg,
https://www.amazon.com/ASRock-Phantom-DirectX-256-Bit-Express/dp/B07FMHR1X5/ref=sr_1_14?_encoding=UTF8&c=ts&dchild=1&keywords=Computer+Graphics+Cards&qid=1616425105&s=pc&sr=1-14&ts_id=284822,ASRock Phantom Gaming D Radeon RX 570 DirectX 12 RX570 4G 4GB 256-Bit GDDR5 PCI Express 3.0 x16 HDCP Ready Video Card,459.93,https://images-na.ssl-images-amazon.com/images/I/61sfbQ1u5oL._AC_SX679_.jpg,
https://www.amazon.com/gp/slredirect/picassoRedirect.html/ref=pa_sp_mtf_computers_sr_pg1_1?ie=UTF8&adId=A05577351DAVBUTJWW9YX&url=%2FBeelink-Generation-i3-10110U-Graphics-Computer%2Fdp%2FB08PTSP7L7%2Fref%3Dsr_1_15_sspa%3F_encoding%3DUTF8%26c%3Dts%26dchild%3D1%26keywords%3DComputer%2BGraphics%2BCards%26qid%3D1616425105%26s%3Dpc%26sr%3D1-15-spons%26ts_id%3D284822%26psc%3D1&qualifier=1616425105&id=1157197568648007&widgetName=sp_mtf,Beelink SEI10 Mini Pc Windows 10 Prowith 10th Generation Intel Comet Lake i3-10110U(Up to 4.1GHz) 8G DDR4 256GB NVMe SSD Intel UHD Graphics Dual HDMI 4K Mini Computer WiFi 6BT5.0,399.0,https://images-na.ssl-images-amazon.com/images/I/61CsJWh7aaL._AC_SY450_.jpg,
https://www.amazon.com/MSI-RX-580-8G-OC/dp/B06XZQMMHJ/ref=sr_1_16?_encoding=UTF8&c=ts&dchild=1&keywords=Computer+Graphics+Cards&qid=1616425105&s=pc&sr=1-16&ts_id=284822,MSI VGA Graphic Cards RX 580 ARMOR 8G OC,909.0,https://images-na.ssl-images-amazon.com/images/I/811fVQidHrL._AC_SX466_.jpg,
https://www.amazon.com/Professional-high-Performance-Computer-Low-Noise-Compatible/dp/B08Y8DN1Z3/ref=sr_1_17?_encoding=UTF8&c=ts&dchild=1&keywords=Computer+Graphics+Cards&qid=1616425105&s=pc&sr=1-17&ts_id=284822,Professional DDR5 128Bit high-Performance Computer Game Graphics Card with Cooling Fan Low-Noise Video Memory Card Compatible with HDMI / VGA / DVI,95.19,https://images-na.ssl-images-amazon.com/images/I/61irOj%2BS-rL._AC_SY450_.jpg,
https://www.amazon.com/Yeston-Radeon-Gaming-Graphics-6000MHz/dp/B07VYR2L43/ref=sr_1_19?_encoding=UTF8&c=ts&dchild=1&keywords=Computer+Graphics+Cards&qid=1616425105&s=pc&sr=1-19&ts_id=284822,Yeston Radeon RX550 Gaming Graphics Cards 2GB/4GB Memory GDDR5 128Bit 6000MHz VGA + HD + DVI-D GPU (4GB RAM),185.99,https://images-na.ssl-images-amazon.com/images/I/51pba20T3nL._AC_SX425_.jpg,
https://www.amazon.com/gp/slredirect/picassoRedirect.html/ref=pa_sp_btf_computers_sr_pg1_1?ie=UTF8&adId=A041184221R03YGNLXVVC&url=%2FGraphics-Technology-Backplate-DisplayPort-Supernova%2Fdp%2FB08YP4DYFJ%2Fref%3Dsr_1_20_sspa%3F_encoding%3DUTF8%26c%3Dts%26dchild%3D1%26keywords%3DComputer%2BGraphics%2BCards%26qid%3D1616425105%26s%3Dpc%26sr%3D1-20-spons%26ts_id%3D284822%26psc%3D1&qualifier=1616425105&id=1157197568648007&widgetName=sp_btf,EVGA GeForce RTX 3070 FTW3 Ultra Graphics Card 8GB GDDR6 PCI Express 4.0 iCX3 Technology Metal Backplate 1x HDMI 2.1 3X DisplayPort 1.4a w/ EVGA Supernova 750 GT 80 Plus Gold 750W Power Supply,1899.99,https://images-na.ssl-images-amazon.com/images/I/71IBhDm7sWL._AC_SX466_.jpg,
https://www.amazon.com/gp/slredirect/picassoRedirect.html/ref=pa_sp_btf_computers_sr_pg1_1?ie=UTF8&adId=A04632891FSOOPHO5WUYM&url=%2FPCI-Express-Resistance-Auto-Extreme-Technology-DisplayPort%2Fdp%2FB08Y983VLJ%2Fref%3Dsr_1_21_sspa%3F_encoding%3DUTF8%26c%3Dts%26dchild%3D1%26keywords%3DComputer%2BGraphics%2BCards%26qid%3D1616425105%26s%3Dpc%26sr%3D1-21-spons%26ts_id%3D284822%26psc%3D1&qualifier=1616425105&id=1157197568648007&widgetName=sp_btf,ASUS Phoenix GeForce GTX 1650 V2 OC Edition Graphics Card 4GB GDDR5 PCI-Express x8 IP5X Dust Resistance Auto-Extreme Technology 1x HDMI 2.0b 1x DisplayPort 1.4 1x DVI-D w/ Mytrix HDMI Cable,499.99,https://images-na.ssl-images-amazon.com/images/I/61-2pAeT4GL._AC_SX425_.jpg,
https://www.amazon.com/gp/slredirect/picassoRedirect.html/ref=pa_sp_btf_computers_sr_pg1_1?ie=UTF8&adId=A0898994278U976M0M66Q&url=%2FGraphics-DisplayPort-Bearings-Rosewill-Capstone%2Fdp%2FB08YP8N4M2%2Fref%3Dsr_1_22_sspa%3F_encoding%3DUTF8%26c%3Dts%26dchild%3D1%26keywords%3DComputer%2BGraphics%2BCards%26qid%3D1616425105%26s%3Dpc%26sr%3D1-22-spons%26ts_id%3D284822%26psc%3D1&qualifier=1616425105&id=1157197568648007&widgetName=sp_btf,ASUS TUF Gaming NVIDIA GeForce RTX 3070 OC Edition Graphics Card 8GB GDDR6 PCIe 4.0 HDMI 2.1 DisplayPort 1.4a Dual Ball Fan Bearings GPU Tweak II w/ Rosewill 80 Plus Capstone Gold 850W Power Supply,1899.99,https://images-na.ssl-images-amazon.com/images/I/71CprHEOwSL._AC_SY450_.jpg,
https://www.amazon.com/Nvidia-128-bit-Express-Certified-Refurbished/dp/B07MW62553/ref=sr_1_24?_encoding=UTF8&c=ts&dchild=1&keywords=Computer+Graphics+Cards&qid=1616425105&s=pc&sr=1-24&ts_id=284822,Nvidia Quadro M2000 4GB GDDR5 128-bit PCI Express 3.0 x16 Full Height Video Card (Renewed),181.24,https://images-na.ssl-images-amazon.com/images/I/71FLcHW0B7L._AC_SX679_.jpg,
https://www.amazon.com/Nvidia-Quadro-K5200-256-Bit-Express/dp/B0764ZHMDP/ref=sr_1_25?_encoding=UTF8&c=ts&dchild=1&keywords=Computer+Graphics+Cards&qid=1616425105&s=pc&sr=1-25&ts_id=284822,Nvidia Quadro K5200 8GB GDDR5 256-Bit PCI Express 3.0 x16 Full Height Video Card,579.99,https://images-na.ssl-images-amazon.com/images/I/41N%2BujGJ%2B-L._AC_.jpg,
https://www.amazon.com/Challenger-Graphics-Eyefinity-Technology-DisplayPort/dp/B08Y3M97TF/ref=sr_1_26?_encoding=UTF8&c=ts&dchild=1&keywords=Computer+Graphics+Cards&qid=1616425105&s=pc&sr=1-26&ts_id=284822,ASRock Challenger D Radeon RX 5600 XT OC Graphics Card 6GB (14Gbps) 192-Bit GDDR6 PCI Express 4.0 x16 HDCP Ready AMD Eyefinity Technology 1 x HDMI 2.0b 3 x DisplayPort 1.4 w/ Mytrix HDMI Cable,999.99,https://images-na.ssl-images-amazon.com/images/I/61mFikYEtqL._AC_SY450_.jpg,
https://www.amazon.com/MSI-GT-710-2GD3-LP/dp/B01DOFD0G8/ref=sr_1_29?_encoding=UTF8&c=ts&dchild=1&keywords=Computer+Graphics+Cards&qid=1616425105&s=pc&sr=1-29&ts_id=284822,MSI Gaming GeForce GT 710 2GB GDRR3 64-bit HDCP Support DirectX 12 OpenGL 4.5 Single Fan Low Profile Graphics Card (GT 710 2GD3 LP),66.95,https://images-na.ssl-images-amazon.com/images/I/71ucbX1fTUL._AC_SX466_.jpg,
